method,dataset,accuracy_exact
PROMPTVER,DBPedia,0.7217391304347827
PROMPTVER,TREC,0.5135135135135135
simple_llm,DBPedia,0.6521739130434783
simple_llm,TREC,0.5045045045045045
always_patch,DBPedia,0.7043478260869566
always_patch,TREC,0.27927927927927926
