dataset,PROMPTVER,always_patch,simple_llm
DBPedia,0.7217391304347827,0.7043478260869566,0.6521739130434783
TREC,0.5135135135135135,0.27927927927927926,0.5045045045045045
